{ "intents": [
    {"tag": "goodbye",  
    "patterns": [
        "See you later",
        "Goodbye",
        "I am going to quit now",
        "Have a nice day"
    ],
    "responses": [
        "Byebye(",
        "Talk to you later",
        "Goodbye!"
    ],
    "context_set": ""
    },
    {
    "tag": "batch size",
    "patterns": [
        "how big is the batch / lot",
        "batch size",
        "lot size"
    ],
    "responses": [
        "The batch consists between the 5.000 and 10.000 apples.",
        "Batch size is between 5.000 and 10.000."
    ],
    "context_set": ""
    },
    {
    "tag": "sample size",
    "patterns": [
        "how many apple where checked",
        "samples out of batch",
        "sample size"
    ],
    "responses": [
        "{countBatch} apples are beeing checked",
        "From this batch {countBatch} apples where checked"
    ],
    "context_set": ""
    },
    {
    "tag": "normal ",
    "patterns": [
        "How many normal apples are in the sample batch",
        "Normal apples in Batch",
        "Normal Apples",
        "normal"
    ],
    "responses": [
        "There are {countNormal} healthy apples.",
        "This batch consists {countNormal} healthy apples."
    ],
    "context_set": ""
    },
    {
    "tag": "scab",
    "patterns": [
        "How many scabbed apples are in the sample batch",
        "scabbed apples in Batch",
        "Scab Apples",
        "scab"
    ],
    "responses": [
        "You have {countScab} scabbed apples in this batch.",
        "The batch has {countScab} apples classified as beeing scab."
    ],
    "context_set": ""
    },
    {
    "tag": "Blotch",
    "patterns": [
        "How many blotched apples are in the sample batch",
        "Blotched apples in Batch",
        "Blotched Apples",
        "Blotch"
    ],
    "responses": [
        "The batch has {countBlotch} blotched apples.",
        "{countBlotch} blotched appels are in this batch."
    ],
    "context_set": ""
    },
    {
    "tag": "rot",
    "patterns": [
        "How many scpped apples are in the sample batch",
        "scabbed apples in Batch",
        "Scab Apples",
        "rot"
    ],
    "responses": [
        "{countRot} apple was rot.",
        "Only {countRot} apple was classified as beeing rot."
    ],
    "context_set": ""
    },
    {
    "tag": "class",
    "patterns": [
        "Batch class",
        "Batch classification",
        "How is the batch classified",
        "Classify",
        "class"
    ],
    "responses": [
        "The Batch of apples has class {appleClass}.",
        "Apple class is {appleClass}.",
        "Classification of the batch of apples is {appleClass}.",
        "{appleClass} is the classificationnumber.",
        "Batchclass is {appleClass}."
    ],
    "context_set": ""
    }
]
}